Date,Close,Volumen
02/01/2012,2.45,6622
03/01/2012,2.45,10629
04/01/2012,2.47,1745
05/01/2012,2.47,2543
06/01/2012,2.47,11207
09/01/2012,2.52,38554
10/01/2012,2.55,3039
11/01/2012,2.6,35946
12/01/2012,2.55,4304
13/01/2012,2.55,2627
16/01/2012,2.5,3759
17/01/2012,2.53,26073
18/01/2012,2.5,19994
19/01/2012,2.5,11176
20/01/2012,2.45,5508
23/01/2012,2.6,12822
24/01/2012,2.6,12122
25/01/2012,2.62,3578
26/01/2012,2.53,5729
27/01/2012,2.5,9497
30/01/2012,2.55,17297
31/01/2012,2.5,22577
01/02/2012,2.55,17305
02/02/2012,2.56,5198
03/02/2012,2.6,61631
06/02/2012,2.58,9982
07/02/2012,2.55,7600
08/02/2012,2.58,7450
09/02/2012,2.58,3020
10/02/2012,2.48,22521
13/02/2012,2.35,80061
14/02/2012,2.4,19345
15/02/2012,2.4,15041
16/02/2012,2.4,10854
17/02/2012,2.4,13008
20/02/2012,2.4,2008
21/02/2012,2.45,2759
22/02/2012,2.4,3329
23/02/2012,2.4,5386
24/02/2012,2.4,3197
27/02/2012,2.4,4349
28/02/2012,2.45,27241
29/02/2012,2.39,5967
01/03/2012,2.37,13800
02/03/2012,2.36,64407
05/03/2012,2.4,7550
06/03/2012,2.4,7799
07/03/2012,2.36,13500
08/03/2012,2.36,3000
09/03/2012,2.3,42696
12/03/2012,2.3,16781
13/03/2012,2.31,79377
14/03/2012,2.35,7713
15/03/2012,2.3,8833
16/03/2012,2.35,4348
19/03/2012,2.35,10304
20/03/2012,2.35,5530
21/03/2012,2.33,12644
22/03/2012,2.25,21307
23/03/2012,2.2,35924
26/03/2012,2.1,77202
27/03/2012,2.2,15980
28/03/2012,2.25,20280
29/03/2012,2.15,5200
30/03/2012,2.18,13321
02/04/2012,2.25,9205
03/04/2012,2.29,47370
04/04/2012,2.2,7802
09/04/2012,2.26,25865
10/04/2012,2.2,15561
11/04/2012,2.25,12637
12/04/2012,2.25,6880
13/04/2012,2.25,5470
16/04/2012,2.25,20885
17/04/2012,2.3,15627
18/04/2012,2.3,10335
19/04/2012,2.25,4402
20/04/2012,2.25,25081
23/04/2012,2.25,3137
24/04/2012,2.25,3554
25/04/2012,2.2,13106
26/04/2012,2.11,30659
27/04/2012,2.12,17512
30/04/2012,2.1,10498
02/05/2012,2.1,9174
03/05/2012,2.05,22472
04/05/2012,2.05,4588
07/05/2012,2.1,11319
08/05/2012,2.1,5209
09/05/2012,2.05,25720
10/05/2012,2.05,76675
11/05/2012,2.1,3207
14/05/2012,2.03,10346
15/05/2012,2.02,58710
16/05/2012,2.01,7481
17/05/2012,2,5106
18/05/2012,1.91,18888
21/05/2012,1.95,20924
22/05/2012,2.05,28939
23/05/2012,2.09,11452
24/05/2012,2,48868
25/05/2012,2.05,9980
28/05/2012,2.1,5108
29/05/2012,2.15,51456
30/05/2012,2.2,13442
31/05/2012,2.25,13770
01/06/2012,2.25,12775
04/06/2012,2.25,8700
05/06/2012,2.24,7402
06/06/2012,2.2,8749
07/06/2012,2.2,4615
08/06/2012,2.2,4163
11/06/2012,2.2,15516
12/06/2012,2.18,2328
13/06/2012,2.16,2300
14/06/2012,2.02,120334
15/06/2012,2.01,44041
18/06/2012,2.05,5000
19/06/2012,2.05,10196
20/06/2012,2.07,4542
21/06/2012,2.05,9800
22/06/2012,2,25784
25/06/2012,2,51641
26/06/2012,2,2961
27/06/2012,2,4909
28/06/2012,2,2500
02/07/2012,2,12199
03/07/2012,2.05,8517
04/07/2012,2,19069
05/07/2012,2,4895
06/07/2012,2.06,150056
09/07/2012,2.1,36691
10/07/2012,2.1,75003
11/07/2012,2.1,5000
12/07/2012,2.1,5060
13/07/2012,2.1,3820
16/07/2012,2.08,2229
17/07/2012,2,5117
18/07/2012,2,2999
19/07/2012,2,1973
20/07/2012,2,3000
23/07/2012,2,3335
24/07/2012,2,7000
25/07/2012,2,4470
26/07/2012,2,8357
27/07/2012,2,2856
30/07/2012,1.94,11433
31/07/2012,2,4968
01/08/2012,2,6480
02/08/2012,2,10482
03/08/2012,2.05,27492
06/08/2012,2.05,2500
07/08/2012,2.05,5455
08/08/2012,2,10386
09/08/2012,2,5202
10/08/2012,2.1,18223
13/08/2012,2.05,3000
14/08/2012,2.1,16280
15/08/2012,2.1,3179
16/08/2012,2.1,12828
17/08/2012,2.15,12378
20/08/2012,2.18,6522
21/08/2012,2.16,5199
22/08/2012,2.16,6003
23/08/2012,2.12,4202
24/08/2012,2.05,9786
27/08/2012,2.05,4470
28/08/2012,2.05,3616
29/08/2012,2.05,2846
31/08/2012,2.13,15125
03/09/2012,2.13,6648
04/09/2012,2.1,2855
05/09/2012,2.09,1900
06/09/2012,2.09,7048
07/09/2012,2.09,3758
10/09/2012,2.09,4834
11/09/2012,2.09,3871
12/09/2012,2.09,4834
13/09/2012,2.15,5022
14/09/2012,2.15,31311
17/09/2012,2.15,4770
18/09/2012,2.1,2000
19/09/2012,2.03,10318
20/09/2012,2.03,3228
21/09/2012,2.05,7419
24/09/2012,2.05,15407
25/09/2012,2.05,2510
26/09/2012,2,12573
27/09/2012,2.01,25061
28/09/2012,2.05,7028
03/10/2012,2,17000
04/10/2012,1.96,6258
05/10/2012,1.96,3347
10/10/2012,1.96,15204
11/10/2012,2,3149
12/10/2012,2.04,12540
15/10/2012,2,4436
16/10/2012,2.05,25920
17/10/2012,2.1,20604
18/10/2012,2.14,26794
19/10/2012,2.14,2668
22/10/2012,2.16,13437
23/10/2012,2.1,14951
24/10/2012,2.1,4887
25/10/2012,2.05,4047
26/10/2012,2.1,24916
29/10/2012,2.1,5264
30/10/2012,2.15,3041
31/10/2012,2.15,2300
02/11/2012,2.1,2123
05/11/2012,2.13,9145
06/11/2012,2.1,57156
07/11/2012,2.1,2500
08/11/2012,2.1,11738
09/11/2012,2.08,10659
12/11/2012,2.08,3675
13/11/2012,2.08,5700
14/11/2012,2.08,54208
15/11/2012,2.05,5000
16/11/2012,2.07,6378
19/11/2012,2.1,25980
20/11/2012,2.1,9796
21/11/2012,2.09,7904
22/11/2012,2.05,8823
23/11/2012,2.05,6875
26/11/2012,2.05,6296
27/11/2012,2.05,13050
28/11/2012,2.05,38500
29/11/2012,2.05,7500
30/11/2012,2.04,11103
03/12/2012,2.1,20118
04/12/2012,2.15,209552
05/12/2012,2.15,7500
06/12/2012,2.1,29265
07/12/2012,2.1,5995
10/12/2012,2.05,11000
11/12/2012,2.05,13326
12/12/2012,2.1,10813
13/12/2012,2.1,3571
14/12/2012,2.09,12172
17/12/2012,2.09,5000
18/12/2012,2.3,1679673308
19/12/2012,2.25,2557
20/12/2012,2.3,28395
21/12/2012,2.3,10326
24/12/2012,2.33,9000
26/12/2012,2.33,3664
27/12/2012,2.34,23508
28/12/2012,2.4,67501
31/12/2012,2.45,10900
02/01/2013,2.47,4000
03/01/2013,2.4,15000
04/01/2013,2.3,6333
07/01/2013,2.26,24578
08/01/2013,2.47,48302
09/01/2013,2.37,18597
10/01/2013,2.38,2000
11/01/2013,2.35,7459
14/01/2013,2.35,9300
15/01/2013,2.35,30634
16/01/2013,2.38,9937
17/01/2013,2.45,4400
18/01/2013,2.52,19767
21/01/2013,2.55,37395
22/01/2013,2.69,32531
23/01/2013,2.75,19681
24/01/2013,2.8,10795
25/01/2013,2.7,15663
28/01/2013,2.7,17388
29/01/2013,2.7,7014
30/01/2013,2.69,13200
31/01/2013,2.7,33023
01/02/2013,2.81,23935
04/02/2013,2.79,4788
05/02/2013,2.79,8908
06/02/2013,2.79,18688
07/02/2013,2.79,2712
08/02/2013,2.69,17000
11/02/2013,2.69,5000
12/02/2013,2.66,9266
13/02/2013,2.64,4500
14/02/2013,2.66,5000
15/02/2013,2.7,26795
18/02/2013,2.7,5905
19/02/2013,2.7,1520
20/02/2013,2.6,40696
21/02/2013,2.6,4344
22/02/2013,2.59,3000
25/02/2013,2.5,5222
26/02/2013,2.5,5789
27/02/2013,2.5,3500
28/02/2013,2.5,4351
01/03/2013,2.4,7685
04/03/2013,2.4,4362
05/03/2013,2.45,9225
06/03/2013,2.45,5078
07/03/2013,2.4,26100
08/03/2013,2.35,11998
11/03/2013,2.3,8262
12/03/2013,2.2,88977
13/03/2013,2.2,8500
14/03/2013,2.2,5000
15/03/2013,2.3,7521
18/03/2013,2.3,3000
19/03/2013,2.3,3000
20/03/2013,2.3,2000
21/03/2013,2.3,5482
22/03/2013,2.3,12116
25/03/2013,2.3,2000
26/03/2013,2.3,2700
27/03/2013,2.3,5000
01/04/2013,2.34,22429
02/04/2013,2.34,4335
03/04/2013,2.45,19076
04/04/2013,2.41,18474
05/04/2013,2.45,7526
08/04/2013,2.4,18000
09/04/2013,2.4,13831
10/04/2013,2.4,2672
11/04/2013,2.4,6450
12/04/2013,2.4,7183
15/04/2013,2.4,3000
16/04/2013,2.35,4222
17/04/2013,2.35,2000
18/04/2013,2.35,2430
19/04/2013,2.34,2000
22/04/2013,2.32,5060
23/04/2013,2.28,3500
24/04/2013,2.23,3000
25/04/2013,2.17,44168
26/04/2013,2.09,26466
29/04/2013,2.06,14436
30/04/2013,2.03,7742
02/05/2013,2,20750
03/05/2013,2,70455
06/05/2013,2,5000
07/05/2013,2,50235
08/05/2013,2.05,13440
09/05/2013,2.1,13301
10/05/2013,2.15,7838
13/05/2013,2.3,8580
14/05/2013,2.3,3700
15/05/2013,2.3,4000
16/05/2013,2.3,6298
17/05/2013,2.3,5000
20/05/2013,2.29,5800
21/05/2013,2.29,5844
22/05/2013,2.29,8155
23/05/2013,2.29,3825
24/05/2013,2.28,10873
27/05/2013,2.23,3499
28/05/2013,2.23,5182
29/05/2013,2.13,9183
30/05/2013,2.1,8880
31/05/2013,2.1,6294
03/06/2013,2.02,10587
04/06/2013,2.1,7984
05/06/2013,2.1,5000
06/06/2013,2.05,6819
07/06/2013,2.03,18836
10/06/2013,2.03,3836
11/06/2013,2.03,4937
12/06/2013,2.03,3362
13/06/2013,2.1,19086
14/06/2013,2.2,31088
17/06/2013,2.2,3391
18/06/2013,2.2,7874
19/06/2013,2.2,13396
20/06/2013,2.15,3000
21/06/2013,2.15,5234
24/06/2013,2.15,3500
25/06/2013,2.15,3425
26/06/2013,2.15,16710
27/06/2013,2.15,15216
28/06/2013,2.2,3000
01/07/2013,2.2,7304
02/07/2013,2.2,3961
03/07/2013,2.15,18788
04/07/2013,2.15,12067
05/07/2013,2.15,2045
08/07/2013,2.15,2543
09/07/2013,2.14,6830
10/07/2013,2.14,10115
11/07/2013,2.15,21955
12/07/2013,2.15,160317
15/07/2013,2.15,3798
16/07/2013,2.15,8907
17/07/2013,2.15,12055
18/07/2013,2.2,26507
19/07/2013,2.2,38957
22/07/2013,2.2,18939
23/07/2013,2.15,6767
24/07/2013,2.2,58147
25/07/2013,2.25,10909
26/07/2013,2.4,36870
30/07/2013,2.4,5000
31/07/2013,2.4,29596
01/08/2013,2.4,17954
02/08/2013,2.45,111072
05/08/2013,2.45,13412
06/08/2013,2.65,58563
07/08/2013,2.7,11846
08/08/2013,2.65,5088
09/08/2013,2.6,12671
12/08/2013,2.7,12822
13/08/2013,2.75,18266
14/08/2013,2.75,2805
15/08/2013,2.75,18933
16/08/2013,2.7,45760
19/08/2013,2.7,68720
20/08/2013,2.75,35731
21/08/2013,2.8,20415
22/08/2013,2.85,12000
23/08/2013,2.9,9317
26/08/2013,2.86,13830
27/08/2013,2.85,2000
28/08/2013,2.8,3776
29/08/2013,2.7,11000
02/09/2013,2.7,14593
03/09/2013,2.8,14762
04/09/2013,2.83,2200
05/09/2013,2.83,3000
06/09/2013,2.83,3000
09/09/2013,2.83,3000
10/09/2013,2.82,9361
11/09/2013,2.82,5937
12/09/2013,2.82,3000
13/09/2013,2.82,6807
16/09/2013,2.82,3500
17/09/2013,2.82,4500
18/09/2013,2.77,6500
19/09/2013,2.77,3700
20/09/2013,2.77,6435
23/09/2013,2.77,5136
24/09/2013,2.77,4786
25/09/2013,2.69,65000
26/09/2013,2.69,23500
27/09/2013,2.69,83706
30/09/2013,2.69,5719
01/10/2013,2.69,4159
02/10/2013,2.69,3467
03/10/2013,2.69,4357
04/10/2013,2.68,96468
07/10/2013,2.69,3967
09/10/2013,2.73,5013
10/10/2013,2.61,36204
11/10/2013,2.7,6239
14/10/2013,2.7,3000
15/10/2013,2.73,4700
16/10/2013,2.73,3500
17/10/2013,2.73,3500
18/10/2013,2.73,8700
21/10/2013,2.8,28516
22/10/2013,2.8,21319
23/10/2013,2.9,32998
24/10/2013,2.95,38775
25/10/2013,3,3253
28/10/2013,3,1920
29/10/2013,3,2087
30/10/2013,2.98,5895
31/10/2013,2.94,21947
04/11/2013,2.98,16020
05/11/2013,2.97,15158
06/11/2013,2.98,155319
07/11/2013,2.95,72180
08/11/2013,2.9,53051
11/11/2013,2.9,40773
12/11/2013,2.9,2692
13/11/2013,2.9,54200
14/11/2013,2.9,10817
15/11/2013,2.85,15500
18/11/2013,2.85,59590
19/11/2013,2.85,11840
20/11/2013,2.8,5898
21/11/2013,2.8,8500
22/11/2013,2.8,5531
25/11/2013,2.8,8071
26/11/2013,2.75,19683
27/11/2013,2.7,15380
28/11/2013,2.75,6096
29/11/2013,2.8,21543
02/12/2013,2.8,3000
03/12/2013,2.78,2146
04/12/2013,2.76,1668
05/12/2013,2.76,3500
06/12/2013,2.77,7386
09/12/2013,2.76,8906
10/12/2013,2.76,8316
11/12/2013,2.76,3585
12/12/2013,2.76,3335
13/12/2013,2.74,3000
16/12/2013,2.74,3500
17/12/2013,2.74,5900
18/12/2013,2.74,14084
19/12/2013,2.8,12082
20/12/2013,2.79,25348
23/12/2013,2.8,20809
24/12/2013,2.9,6627
26/12/2013,2.9,2700
27/12/2013,2.9,2902
30/12/2013,2.9,5758
31/12/2013,2.9,6239
02/01/2014,2.9,2800
03/01/2014,2.99,8370
06/01/2014,2.97,1502
07/01/2014,2.97,4285
08/01/2014,2.97,4619
09/01/2014,2.92,10798
10/01/2014,2.92,3285
13/01/2014,2.92,1432
14/01/2014,2.92,3600
15/01/2014,2.89,61457
16/01/2014,2.85,58500
17/01/2014,2.8,59910
20/01/2014,2.8,2500
21/01/2014,2.8,5049
22/01/2014,2.8,3321
23/01/2014,2.8,5083
24/01/2014,2.8,2415
27/01/2014,2.81,1950
28/01/2014,2.85,4500
29/01/2014,2.8,6467
30/01/2014,2.76,20000
31/01/2014,2.76,6317
03/02/2014,2.76,3158
04/02/2014,2.75,8313
05/02/2014,2.75,1703
06/02/2014,2.79,3500
07/02/2014,2.78,8000
10/02/2014,2.79,8517
11/02/2014,2.73,6120
12/02/2014,2.7,3000
13/02/2014,2.7,2583
14/02/2014,2.7,3605
17/02/2014,2.7,3674
18/02/2014,2.7,3540
19/02/2014,2.7,1444
20/02/2014,2.7,4044
21/02/2014,2.7,3000
24/02/2014,2.7,2700
25/02/2014,2.68,27654
26/02/2014,2.68,3000
27/02/2014,2.68,4096
28/02/2014,2.67,7525
03/03/2014,2.67,3012
04/03/2014,2.68,3500
05/03/2014,2.67,13518
06/03/2014,2.67,3375
07/03/2014,2.67,3500
10/03/2014,2.67,1562
11/03/2014,2.67,3265
12/03/2014,2.67,5968
13/03/2014,2.65,5600
14/03/2014,2.63,2300
17/03/2014,2.63,2716
18/03/2014,2.65,8927
19/03/2014,2.65,2600
20/03/2014,2.63,1550
21/03/2014,2.63,2500
24/03/2014,2.59,5500
25/03/2014,2.57,2500
26/03/2014,2.57,1840
27/03/2014,2.53,5000
28/03/2014,2.53,24873
31/03/2014,2.53,5888
01/04/2014,2.53,31070
02/04/2014,2.53,4143
03/04/2014,2.53,7024
04/04/2014,2.52,20021
07/04/2014,2.55,15481
08/04/2014,2.55,2901
09/04/2014,2.54,2500
10/04/2014,2.56,11032
11/04/2014,2.56,17895
14/04/2014,2.56,5184
15/04/2014,2.56,4989
16/04/2014,2.56,2047
21/04/2014,2.58,7326
22/04/2014,2.57,14698
23/04/2014,2.6,3578
24/04/2014,2.65,7471
25/04/2014,2.65,3346
28/04/2014,2.67,22110
29/04/2014,2.67,1637
30/04/2014,2.64,10211
02/05/2014,2.64,9626
05/05/2014,2.64,1675
06/05/2014,2.64,3221
07/05/2014,2.64,2500
08/05/2014,2.67,7062
09/05/2014,2.67,2700
12/05/2014,2.67,5300
13/05/2014,2.6,19736
14/05/2014,2.6,14238
15/05/2014,2.6,7949
16/05/2014,2.6,6750
19/05/2014,2.5,41747
20/05/2014,2.6,17372
21/05/2014,2.49,20614
22/05/2014,2.55,5347
23/05/2014,2.67,131943
26/05/2014,2.78,9518
27/05/2014,2.85,10800
28/05/2014,2.79,1750
29/05/2014,2.75,100000
30/05/2014,2.67,2732
02/06/2014,2.64,2500
03/06/2014,2.67,20593
04/06/2014,2.67,3102
05/06/2014,2.7,9095
06/06/2014,2.66,1737
09/06/2014,2.65,11895
10/06/2014,2.65,1581
11/06/2014,2.65,15043
12/06/2014,2.61,26097
13/06/2014,2.65,15659
16/06/2014,2.7,4791
17/06/2014,2.7,5408
18/06/2014,2.59,134772
19/06/2014,2.65,7017
20/06/2014,2.65,5000
23/06/2014,2.65,10000
24/06/2014,2.65,2000
25/06/2014,2.64,2000
26/06/2014,2.63,1500
27/06/2014,2.61,9257
30/06/2014,2.59,12631
01/07/2014,2.55,2800
02/07/2014,2.54,32193
03/07/2014,2.5,8055
04/07/2014,2.6,8918
07/07/2014,2.55,16780
08/07/2014,2.6,3202
09/07/2014,2.55,22133
10/07/2014,2.6,2440
11/07/2014,2.86,106741
14/07/2014,2.86,3450
15/07/2014,2.83,8000
16/07/2014,2.8,6588
17/07/2014,2.7,5990
18/07/2014,2.7,104818
21/07/2014,2.7,20786
22/07/2014,2.8,36933
23/07/2014,2.75,11468
24/07/2014,2.8,8526
25/07/2014,2.8,5500
30/07/2014,2.79,49713
31/07/2014,2.74,63615
01/08/2014,2.85,27819
04/08/2014,2.85,19045
05/08/2014,2.8,26410
06/08/2014,2.8,3768
07/08/2014,2.78,6145
08/08/2014,2.78,1938
11/08/2014,2.78,12372
12/08/2014,2.85,10415
13/08/2014,2.8,7000
14/08/2014,2.8,3000
15/08/2014,2.8,4951
18/08/2014,2.8,4500
19/08/2014,2.8,2320
20/08/2014,2.8,3583
21/08/2014,2.85,13955
22/08/2014,2.85,17705
25/08/2014,2.9,3941
26/08/2014,2.9,14000
27/08/2014,2.85,15897
28/08/2014,2.85,3000
29/08/2014,2.85,2787
01/09/2014,2.85,2943
02/09/2014,2.8,4757
03/09/2014,2.79,61806
04/09/2014,2.73,25852
05/09/2014,2.73,6848
08/09/2014,2.68,15017
09/09/2014,2.68,24396
10/09/2014,2.68,30043
11/09/2014,2.68,4204
12/09/2014,2.68,5516
15/09/2014,2.72,4000
16/09/2014,2.7,4935
17/09/2014,2.69,11413
18/09/2014,2.69,2700
19/09/2014,2.69,8000
22/09/2014,2.67,4020
23/09/2014,2.52,24548
24/09/2014,2.58,21864
25/09/2014,2.57,10000
26/09/2014,2.57,104153
29/09/2014,2.58,13490
30/09/2014,2.58,24268
01/10/2014,2.59,13658
02/10/2014,2.6,9827
03/10/2014,2.62,35094
06/10/2014,2.62,9000
07/10/2014,2.62,16613
09/10/2014,2.62,1600
10/10/2014,2.6,10517
13/10/2014,2.6,22132
14/10/2014,2.6,2504
15/10/2014,2.6,13537
16/10/2014,2.55,24291
17/10/2014,2.52,4587
20/10/2014,2.47,5117
21/10/2014,2.52,10759
22/10/2014,2.52,2207
23/10/2014,2.52,8111
24/10/2014,2.5,4560
27/10/2014,2.5,7241
28/10/2014,2.5,5379
29/10/2014,2.5,14604
30/10/2014,2.51,6355
31/10/2014,2.6,6848
03/11/2014,2.65,12899
04/11/2014,2.7,8414
05/11/2014,2.75,9028
06/11/2014,2.76,9688
07/11/2014,2.8,152186
10/11/2014,2.8,4062
11/11/2014,2.83,15549
12/11/2014,2.83,10316
13/11/2014,2.85,1798
14/11/2014,2.85,8946
17/11/2014,2.85,3644
18/11/2014,2.85,2038
19/11/2014,2.8,239105
20/11/2014,2.8,10800
21/11/2014,2.8,2040
24/11/2014,2.72,23176
25/11/2014,2.71,21620
26/11/2014,2.7,9211
27/11/2014,2.63,15083
28/11/2014,2.64,7406
01/12/2014,2.64,2115
02/12/2014,2.64,1806
03/12/2014,2.65,5422
04/12/2014,2.64,37053
05/12/2014,2.64,1734
09/12/2014,2.65,2040
10/12/2014,2.65,4601
11/12/2014,2.65,2856
12/12/2014,2.64,3022
15/12/2014,2.64,1968
16/12/2014,2.62,5000
17/12/2014,2.61,17200
18/12/2014,2.55,7000
19/12/2014,2.52,5779
22/12/2014,2.52,1730
23/12/2014,2.5,24050
24/12/2014,2.5,2020
26/12/2014,2.55,2737
29/12/2014,2.65,9551
30/12/2014,2.65,3458
31/12/2014,2.67,3558
05/01/2015,2.57,39562
06/01/2015,2.56,4886
07/01/2015,2.55,110050
08/01/2015,2.51,7647
09/01/2015,2.53,1737
12/01/2015,2.53,9503
13/01/2015,2.5,50282
14/01/2015,2.45,20250
15/01/2015,2.5,4377
16/01/2015,2.5,21000
19/01/2015,2.5,4718
20/01/2015,2.5,13491
21/01/2015,2.5,3509
22/01/2015,2.5,2764
23/01/2015,2.5,7264
26/01/2015,2.5,33000
27/01/2015,2.5,3489
28/01/2015,2.5,5533
29/01/2015,2.47,7967
30/01/2015,2.5,1949
02/02/2015,2.43,19995
03/02/2015,2.4,21165
04/02/2015,2.4,15108
05/02/2015,2.3,8792
06/02/2015,2.3,12056
09/02/2015,2.3,6358
10/02/2015,2.3,12121
11/02/2015,2.3,5818
12/02/2015,2.3,13179
13/02/2015,2.35,12379
16/02/2015,2.35,5938
17/02/2015,2.35,2125
18/02/2015,2.4,5379
19/02/2015,2.49,14867
20/02/2015,2.5,5524
23/02/2015,2.5,2500
24/02/2015,2.45,1650
25/02/2015,2.5,4880
26/02/2015,2.48,2796
27/02/2015,2.47,1917
02/03/2015,2.43,2575
03/03/2015,2.4,13122
04/03/2015,2.4,3033
05/03/2015,2.4,2000
06/03/2015,2.4,2715
09/03/2015,2.4,4435
10/03/2015,2.4,2834
11/03/2015,2.3,11593
12/03/2015,2.3,22333
13/03/2015,2.2,38358
16/03/2015,2.3,5872
17/03/2015,2.3,3500
18/03/2015,2.3,1770
19/03/2015,2.3,1770
20/03/2015,2.3,2000
23/03/2015,2.29,1800
24/03/2015,2.1,6980
25/03/2015,2.1,45983
26/03/2015,2,14235
27/03/2015,2,17655
30/03/2015,2.08,10107
31/03/2015,2.08,9000
01/04/2015,2.15,2700
06/04/2015,2.15,2000
07/04/2015,2.15,2159
08/04/2015,2.15,2000
09/04/2015,2.1,3700
10/04/2015,2,10300
13/04/2015,2,5033
14/04/2015,2,3300
15/04/2015,2,2000
16/04/2015,1.95,4980
17/04/2015,1.95,9636
20/04/2015,1.95,2000
21/04/2015,1.93,2450
22/04/2015,1.89,2250
23/04/2015,1.99,41838
24/04/2015,2,6713
27/04/2015,2.02,8971
28/04/2015,2.02,10431
29/04/2015,2.02,2759
30/04/2015,2,13225
04/05/2015,1.98,14193
05/05/2015,2,6300
06/05/2015,2,11820
07/05/2015,2.02,11496
08/05/2015,1.98,6738
11/05/2015,2.05,3995
12/05/2015,2.06,3249
13/05/2015,2.02,3726
14/05/2015,2.05,3506
15/05/2015,2.05,4246
18/05/2015,2.05,3847
19/05/2015,2,5000
20/05/2015,2,8972
21/05/2015,2,6285
22/05/2015,2,5566
25/05/2015,2,3810
26/05/2015,2,6077
27/05/2015,2,12947
28/05/2015,1.98,3500
29/05/2015,1.98,2548
01/06/2015,2,2517
02/06/2015,2,4028
03/06/2015,1.99,8690
04/06/2015,1.99,3353
05/06/2015,1.91,7233
08/06/2015,1.92,6145
09/06/2015,2,4580
10/06/2015,1.94,14141
11/06/2015,1.9,9200
12/06/2015,1.93,10964
15/06/2015,1.87,5446
16/06/2015,1.9,16268
17/06/2015,1.93,4723
18/06/2015,1.93,5153
19/06/2015,1.84,31382
22/06/2015,1.84,23498
23/06/2015,1.84,37520
24/06/2015,1.88,3372
25/06/2015,1.87,9305
26/06/2015,1.9,19882
30/06/2015,1.86,55284
01/07/2015,1.86,3068
02/07/2015,1.87,3236
03/07/2015,1.9,6885
06/07/2015,1.88,5823
07/07/2015,1.88,10254
08/07/2015,1.87,6152
09/07/2015,1.9,4059
10/07/2015,1.89,8718
13/07/2015,1.85,2300
14/07/2015,1.85,3169
15/07/2015,1.85,5224
16/07/2015,1.85,3213
17/07/2015,1.83,14994
20/07/2015,1.85,6980
21/07/2015,1.85,4278
22/07/2015,1.85,11714
23/07/2015,1.83,11791
24/07/2015,1.83,13000
30/07/2015,1.83,16000
31/07/2015,1.83,5000
03/08/2015,1.8,8269
04/08/2015,1.78,2500
05/08/2015,1.78,6299
06/08/2015,1.77,5892
07/08/2015,1.65,11000
10/08/2015,1.7,15080
11/08/2015,1.7,4980
12/08/2015,1.69,3726
13/08/2015,1.69,8567
14/08/2015,1.69,5000
17/08/2015,1.68,3522
18/08/2015,1.45,27618
19/08/2015,1.44,8400
20/08/2015,1.48,14378
21/08/2015,1.48,4667
24/08/2015,1.46,4935
25/08/2015,1.49,4279
26/08/2015,1.45,11067
27/08/2015,1.47,21396
28/08/2015,1.48,6935
31/08/2015,1.49,3135
01/09/2015,1.49,14037
02/09/2015,1.51,15690
03/09/2015,1.51,10153
04/09/2015,1.42,14187
07/09/2015,1.47,12435
08/09/2015,1.5,10547
09/09/2015,1.51,10169
10/09/2015,1.49,30182
11/09/2015,1.49,10323
14/09/2015,1.49,4131
15/09/2015,1.49,9941
16/09/2015,1.49,3994
17/09/2015,1.46,11715
18/09/2015,1.47,113424
21/09/2015,1.46,4332
22/09/2015,1.46,3135
23/09/2015,1.46,3863
24/09/2015,1.47,13810
25/09/2015,1.47,4407
28/09/2015,1.49,3800
29/09/2015,1.49,3158
30/09/2015,1.49,3588
01/10/2015,1.49,3107
02/10/2015,1.48,2700
05/10/2015,1.5,17612
06/10/2015,1.42,14000
07/10/2015,1.48,4137
12/10/2015,1.45,26218
13/10/2015,1.45,9110
14/10/2015,1.48,8595
15/10/2015,1.48,2700
16/10/2015,1.47,4266
19/10/2015,1.45,3137
20/10/2015,1.44,3165
21/10/2015,1.47,17642
22/10/2015,1.47,2997
23/10/2015,1.48,4557
26/10/2015,1.51,5536
27/10/2015,1.51,4000
28/10/2015,1.5,6400
29/10/2015,1.5,10127
30/10/2015,1.5,17536
02/11/2015,1.51,18199
03/11/2015,1.5,3314
04/11/2015,1.5,5700
05/11/2015,1.45,10797
06/11/2015,1.45,19856
09/11/2015,1.45,15740
10/11/2015,1.45,23439
11/11/2015,1.45,17775
12/11/2015,1.45,11875
13/11/2015,1.45,12246
16/11/2015,1.45,12766
17/11/2015,1.45,7813
18/11/2015,1.45,12420
19/11/2015,1.45,9007
20/11/2015,1.48,6286
23/11/2015,1.48,2872
24/11/2015,1.47,2878
25/11/2015,1.46,15000
26/11/2015,1.37,37382
27/11/2015,1.37,6060
30/11/2015,1.37,7719
01/12/2015,1.37,9580
02/12/2015,1.37,3019
03/12/2015,1.37,6085
04/12/2015,1.37,5047
07/12/2015,1.37,4379
09/12/2015,1.4,5753
10/12/2015,1.43,4979
11/12/2015,1.43,8286
14/12/2015,1.4,12000
15/12/2015,1.4,4161
16/12/2015,1.4,3018
17/12/2015,1.4,21000
18/12/2015,1.4,4020
21/12/2015,1.43,5595
22/12/2015,1.4,12838
23/12/2015,1.4,12209
24/12/2015,1.45,10777
28/12/2015,1.43,11107
29/12/2015,1.43,19347
30/12/2015,1.42,12500
31/12/2015,1.4,5000
04/01/2016,1.4,9203
05/01/2016,1.4,11068
06/01/2016,1.4,8415
07/01/2016,1.38,11000
08/01/2016,1.38,18532
11/01/2016,1.37,13875
12/01/2016,1.38,13767
13/01/2016,1.37,25232
14/01/2016,1.37,22476
15/01/2016,1.37,13491
18/01/2016,1.36,6698
19/01/2016,1.36,16572
20/01/2016,1.35,13435
21/01/2016,1.35,20951
22/01/2016,1.35,14184
25/01/2016,1.4,40416
26/01/2016,1.4,20715
27/01/2016,1.4,5276
28/01/2016,1.4,17885
29/01/2016,1.4,19736
01/02/2016,1.43,5500
02/02/2016,1.5,5500
03/02/2016,1.5,4500
04/02/2016,1.55,25966
05/02/2016,1.55,5000
08/02/2016,1.55,3293
09/02/2016,1.54,7914
10/02/2016,1.55,5228
11/02/2016,1.55,4094
12/02/2016,1.55,3094
15/02/2016,1.55,3077
16/02/2016,1.55,15137
17/02/2016,1.6,62763
18/02/2016,1.71,5533
19/02/2016,1.8,9367
22/02/2016,1.81,3063
23/02/2016,1.85,5968
24/02/2016,1.85,5000
25/02/2016,2.01,22401
26/02/2016,1.95,3500
29/02/2016,1.87,4500
01/03/2016,1.8,3394
02/03/2016,1.8,6573
03/03/2016,1.8,5203
04/03/2016,1.8,15419
07/03/2016,1.83,5356
08/03/2016,1.8,9807
09/03/2016,1.85,14043
10/03/2016,1.83,2830
11/03/2016,1.8,9966
14/03/2016,1.8,4740
15/03/2016,1.8,5294
16/03/2016,1.8,6436
17/03/2016,1.8,5005
18/03/2016,1.9,20354
21/03/2016,1.9,4300
22/03/2016,1.9,14998
23/03/2016,1.91,7672
28/03/2016,1.85,9222
29/03/2016,1.9,9434
30/03/2016,1.9,20703
31/03/2016,1.9,18067
01/04/2016,1.93,7830
04/04/2016,1.89,3807
05/04/2016,1.89,15518
06/04/2016,1.89,7697
07/04/2016,1.89,3700
08/04/2016,1.89,3758
11/04/2016,2,12831
12/04/2016,1.87,31050
13/04/2016,1.9,5022
14/04/2016,1.88,5553
15/04/2016,1.88,3000
18/04/2016,1.87,7872
19/04/2016,1.83,29155
20/04/2016,1.89,6423
21/04/2016,2,46623
22/04/2016,2,28383
25/04/2016,2,7600
26/04/2016,2,25994
27/04/2016,2,7155
28/04/2016,1.99,3271
29/04/2016,2,20078
02/05/2016,2.05,3500
03/05/2016,2,3572
04/05/2016,1.92,4151
05/05/2016,1.92,13837
06/05/2016,1.9,6000
09/05/2016,1.93,34453
10/05/2016,1.95,8000
11/05/2016,1.95,10085
12/05/2016,1.95,4875
13/05/2016,2,4500
16/05/2016,1.98,28690
17/05/2016,1.98,5829
18/05/2016,1.93,3956
19/05/2016,1.91,8649
20/05/2016,1.91,3388
23/05/2016,1.9,6943
24/05/2016,1.92,18315
25/05/2016,2,16848
26/05/2016,2,7905
27/05/2016,2.05,6382
30/05/2016,2.07,5482
31/05/2016,2,6233
01/06/2016,2.03,3546
02/06/2016,2.03,3500
03/06/2016,2.05,2611
06/06/2016,2.05,14075
07/06/2016,2.04,4421
08/06/2016,2.05,4353
09/06/2016,2.01,11095
10/06/2016,2.01,8650
13/06/2016,1.94,12387
14/06/2016,1.94,9000
15/06/2016,1.94,7617
16/06/2016,1.94,2555
17/06/2016,2.05,8246
20/06/2016,2.04,3000
21/06/2016,2,8000
22/06/2016,2.03,3391
23/06/2016,2.01,8584
24/06/2016,2.05,10053
27/06/2016,1.97,3843
28/06/2016,2,7877
30/06/2016,1.99,18628
01/07/2016,2,5000
04/07/2016,2,3700
05/07/2016,1.98,8181
06/07/2016,1.98,39669
07/07/2016,1.97,13808
08/07/2016,1.92,7425
11/07/2016,1.92,8071
12/07/2016,1.92,6200
13/07/2016,1.9,25266
14/07/2016,1.9,7762
15/07/2016,2,10390
18/07/2016,1.94,17155
19/07/2016,2,78763
20/07/2016,1.97,3422
21/07/2016,1.98,11647
22/07/2016,1.98,12000
25/07/2016,1.95,27000
26/07/2016,1.95,11498
27/07/2016,1.95,7087
01/08/2016,1.95,6400
02/08/2016,1.85,29416
03/08/2016,1.9,37100
04/08/2016,1.9,11486
05/08/2016,1.95,6955
08/08/2016,1.98,30143
09/08/2016,2,26200
10/08/2016,2.05,17700
11/08/2016,2.1,10699
12/08/2016,2.1,18403
15/08/2016,2.1,4566
16/08/2016,2.1,8721
17/08/2016,2.15,30700
18/08/2016,2.35,73728
19/08/2016,2.35,13300
22/08/2016,2.35,19200
23/08/2016,2.35,17000
24/08/2016,2.35,12307
25/08/2016,2.35,5000
26/08/2016,2.34,21000
29/08/2016,2.34,117033
31/08/2016,2.28,19300
01/09/2016,2.4,40620
02/09/2016,2.35,5321
05/09/2016,2.35,11300
06/09/2016,2.35,12500
07/09/2016,2.35,7667
08/09/2016,2.35,2500
09/09/2016,2.35,22202
12/09/2016,2.35,10000
13/09/2016,2.33,4121
14/09/2016,2.33,7008
15/09/2016,2.34,48281
16/09/2016,2.25,6020
19/09/2016,2.3,26000
20/09/2016,2.26,17460
21/09/2016,2.26,10502
22/09/2016,2.3,20600
23/09/2016,2.3,24093
26/09/2016,2.3,15000
27/09/2016,2.27,118862
28/09/2016,2.27,10000
29/09/2016,2.27,30024
30/09/2016,2.23,6129
03/10/2016,2.27,18830
04/10/2016,2.27,2521
05/10/2016,2.27,13835
06/10/2016,2.27,5000
07/10/2016,2.27,23442
10/10/2016,2.27,10800
11/10/2016,2.27,20500
12/10/2016,2.27,11022
13/10/2016,2.05,55864
14/10/2016,2.2,17956
17/10/2016,2.2,6000
18/10/2016,2.2,16849
19/10/2016,2.2,8000
20/10/2016,2.2,7000
21/10/2016,2.2,10584
24/10/2016,2.19,19195
25/10/2016,2.2,5014
26/10/2016,2.1,11766
27/10/2016,2.19,2896
28/10/2016,2.2,28976
31/10/2016,2.2,4273
02/11/2016,2.05,9843
03/11/2016,2.15,11753
04/11/2016,2.14,18018
07/11/2016,2.05,7807
08/11/2016,2.15,10379
09/11/2016,2.15,12543
10/11/2016,2.15,4323
11/11/2016,2.2,3455
14/11/2016,2.2,5198
15/11/2016,2.2,6050
16/11/2016,2.2,2059
21/11/2016,2.15,10831
22/11/2016,2.2,6567
23/11/2016,2.15,38066
24/11/2016,2.03,13842
25/11/2016,2.13,2500
28/11/2016,2.1,2500
29/11/2016,2.1,10000
30/11/2016,2.09,11000
01/12/2016,2.09,4598
02/12/2016,2.1,5000
05/12/2016,2.1,8000
06/12/2016,2.09,2000
07/12/2016,2.1,5592
09/12/2016,2.1,3000
12/12/2016,2.07,9459
13/12/2016,2.1,2300
14/12/2016,2.05,3456
15/12/2016,2,25760
16/12/2016,2.04,15892
19/12/2016,2.04,3000
20/12/2016,2.04,3900
21/12/2016,1.88,52463
22/12/2016,1.84,99684
23/12/2016,1.84,70394
26/12/2016,1.94,9060
27/12/2016,1.9,38139
28/12/2016,1.9,20000
29/12/2016,1.85,16216
30/12/2016,1.92,4500
02/01/2017,1.92,6184
03/01/2017,1.9,7196
04/01/2017,1.86,11333
05/01/2017,1.92,9565
06/01/2017,1.9,22061
09/01/2017,1.88,9795
10/01/2017,1.88,28227
11/01/2017,1.88,31172
12/01/2017,1.88,5000
13/01/2017,1.88,26291
16/01/2017,1.88,37585
17/01/2017,1.89,14026
18/01/2017,1.89,3500
19/01/2017,1.86,29846
20/01/2017,1.86,9500
23/01/2017,1.86,32193
24/01/2017,1.86,23500
25/01/2017,1.86,5500
26/01/2017,1.8,28400
27/01/2017,1.9,15465
30/01/2017,1.84,21803
31/01/2017,1.85,8223
01/02/2017,1.85,7254
02/02/2017,1.85,8938
03/02/2017,1.9,50874
06/02/2017,2,14457
07/02/2017,2.08,18010
08/02/2017,2.05,4500
09/02/2017,2.07,14223
10/02/2017,2.07,8300
13/02/2017,2.1,32550
14/02/2017,2.15,4000
15/02/2017,2.08,11118
16/02/2017,1.92,12973
17/02/2017,1.81,28178
20/02/2017,1.82,90882
21/02/2017,1.83,68714
22/02/2017,1.85,16186
23/02/2017,1.85,96692
24/02/2017,1.85,62000
27/02/2017,1.85,40000
28/02/2017,1.85,45039
01/03/2017,1.85,10809
02/03/2017,1.85,15000
03/03/2017,1.84,2500
06/03/2017,1.84,8000
07/03/2017,1.84,3500
08/03/2017,1.84,16277
09/03/2017,1.77,29269
10/03/2017,1.84,14415
13/03/2017,1.84,6929
14/03/2017,1.84,13500
15/03/2017,1.84,13000
16/03/2017,1.84,17908
17/03/2017,1.84,30777
20/03/2017,1.84,7500
21/03/2017,1.84,4300
22/03/2017,1.84,4000
23/03/2017,1.84,5444
24/03/2017,1.84,3500
27/03/2017,1.83,20699
28/03/2017,1.84,6000
29/03/2017,1.83,34527
30/03/2017,1.84,5000
31/03/2017,1.84,11496
03/04/2017,1.83,7000
04/04/2017,1.84,27575
05/04/2017,1.9,18466
06/04/2017,1.9,3000
07/04/2017,1.9,3000
10/04/2017,1.9,4000
11/04/2017,1.9,3000
12/04/2017,1.93,11000
17/04/2017,1.93,3000
18/04/2017,1.93,8000
19/04/2017,1.93,3000
20/04/2017,1.93,7000
21/04/2017,1.93,7000
24/04/2017,1.9,47930
25/04/2017,1.93,4527
26/04/2017,1.92,2115
27/04/2017,1.91,11000
28/04/2017,1.92,3000
02/05/2017,1.92,3000
03/05/2017,1.92,23000
04/05/2017,1.91,53000
05/05/2017,1.92,6000
08/05/2017,1.92,6300
09/05/2017,1.92,5000
10/05/2017,1.92,13763
11/05/2017,1.92,9000
12/05/2017,1.92,5143
15/05/2017,1.92,4000
16/05/2017,1.92,17294
17/05/2017,1.92,17845
18/05/2017,1.92,10000
19/05/2017,1.92,10000
22/05/2017,1.92,4973
23/05/2017,1.92,3000
24/05/2017,1.91,6125
26/05/2017,1.92,21000
29/05/2017,1.91,4000
30/05/2017,1.92,4000
31/05/2017,1.92,3000
01/06/2017,1.91,7300
02/06/2017,1.91,5000
05/06/2017,1.91,18995
06/06/2017,1.91,5375
07/06/2017,1.91,6370
08/06/2017,1.91,9377
09/06/2017,1.91,7077
12/06/2017,1.91,2500
13/06/2017,1.9,7547
14/06/2017,1.8,28921
15/06/2017,1.88,10397
16/06/2017,1.85,22500
19/06/2017,1.8,2500
20/06/2017,1.83,28885
21/06/2017,1.77,41400
22/06/2017,1.74,2500
23/06/2017,1.74,2700
26/06/2017,1.7,5000
27/06/2017,1.65,7148
28/06/2017,1.65,33900
30/06/2017,1.65,74000
03/07/2017,1.62,13105
04/07/2017,1.62,26700
05/07/2017,1.65,10000
06/07/2017,1.65,5000
07/07/2017,1.63,13501
10/07/2017,1.63,21665
11/07/2017,1.63,18000
12/07/2017,1.63,8070
13/07/2017,1.63,2500
14/07/2017,1.63,8992
17/07/2017,1.63,5000
18/07/2017,1.59,12000
19/07/2017,1.62,26051
20/07/2017,1.65,9500
21/07/2017,1.6,8000
24/07/2017,1.6,8000
25/07/2017,1.63,18500
26/07/2017,1.58,771500
27/07/2017,1.6,5752
31/07/2017,1.62,5000
01/08/2017,1.62,2700
02/08/2017,1.62,3000
03/08/2017,1.61,26000
04/08/2017,1.61,9000
07/08/2017,1.6,14000
08/08/2017,1.6,6000
09/08/2017,1.6,2685
10/08/2017,1.6,21833
11/08/2017,1.6,3000
14/08/2017,1.6,3000
15/08/2017,1.6,11019
16/08/2017,1.6,3000
17/08/2017,1.6,18175
18/08/2017,1.6,3178
21/08/2017,1.6,34578
22/08/2017,1.6,3500
23/08/2017,1.6,48314
24/08/2017,1.7,124786
25/08/2017,1.7,6953
28/08/2017,1.7,10947
29/08/2017,1.72,4126
31/08/2017,1.75,5000
01/09/2017,1.7,9537
04/09/2017,1.72,5270
05/09/2017,1.72,5077
06/09/2017,1.72,3077
07/09/2017,1.7,27566
08/09/2017,1.74,7000
11/09/2017,1.74,12000
12/09/2017,1.75,10000
13/09/2017,1.7,197548
14/09/2017,1.75,15000
15/09/2017,1.75,103872
18/09/2017,1.73,3000
19/09/2017,1.73,792800
20/09/2017,1.74,83000
21/09/2017,1.74,68470
22/09/2017,1.8,45115
25/09/2017,1.85,49048
26/09/2017,1.9,23101
27/09/2017,1.9,13000
28/09/2017,1.9,49331
29/09/2017,1.9,16000
02/10/2017,1.93,129230
03/10/2017,1.95,23896
04/10/2017,1.97,19965
05/10/2017,1.97,6000
06/10/2017,1.94,16500
09/10/2017,1.97,31000
10/10/2017,1.97,10000
11/10/2017,1.97,10000
12/10/2017,1.97,22000
13/10/2017,1.97,39000
16/10/2017,1.97,25000
17/10/2017,1.97,26923
19/10/2017,1.96,103747
20/10/2017,1.96,41000
23/10/2017,1.97,71000
24/10/2017,1.97,55234
25/10/2017,1.95,2107
26/10/2017,1.97,68000
27/10/2017,1.97,55000
30/10/2017,1.97,40000
31/10/2017,1.96,5000
02/11/2017,1.96,10000
03/11/2017,1.96,17000
06/11/2017,1.96,25000
07/11/2017,1.96,30266
08/11/2017,1.96,25000
09/11/2017,1.96,28118
10/11/2017,1.96,74000
13/11/2017,1.95,33000
14/11/2017,1.96,83000
15/11/2017,1.96,59649
16/11/2017,1.96,55000
17/11/2017,1.96,31000
20/11/2017,1.96,41000
21/11/2017,1.96,40000
22/11/2017,1.96,35138
23/11/2017,1.97,48574
24/11/2017,1.97,33000
27/11/2017,1.97,31000
28/11/2017,1.97,25678
29/11/2017,1.98,25135
30/11/2017,1.96,34653
01/12/2017,1.96,52000
04/12/2017,1.96,77759
05/12/2017,1.96,38000
06/12/2017,1.96,33000
07/12/2017,1.96,401140
11/12/2017,1.96,50000
12/12/2017,1.96,3100
13/12/2017,1.96,40000
14/12/2017,1.96,50000
15/12/2017,1.9,12000
18/12/2017,1.93,35000
19/12/2017,1.94,44000
20/12/2017,1.9,40279
21/12/2017,1.92,4515
22/12/2017,1.93,22499
26/12/2017,1.93,25000
27/12/2017,1.93,25934
28/12/2017,1.94,31742
29/12/2017,1.94,22000
02/01/2018,1.94,22478
03/01/2018,1.95,24846
04/01/2018,1.94,25392
05/01/2018,1.94,35344
08/01/2018,1.94,21000
09/01/2018,1.94,26072
10/01/2018,1.94,20062
11/01/2018,1.94,15202
12/01/2018,1.94,18000
16/01/2018,1.94,30515
17/01/2018,1.92,5000
18/01/2018,1.9,89492
19/01/2018,1.9,3207
22/01/2018,1.9,3820
23/01/2018,1.9,3000
24/01/2018,1.9,2537
25/01/2018,1.9,4000
26/01/2018,1.93,3000
29/01/2018,1.93,2700
30/01/2018,1.93,3700
31/01/2018,1.91,3500
01/02/2018,1.9,10000
02/02/2018,1.89,7700
05/02/2018,1.88,9520
06/02/2018,1.88,11495
07/02/2018,1.88,3700
08/02/2018,1.85,2500
09/02/2018,1.85,5637
12/02/2018,1.85,3700
13/02/2018,1.83,8500
14/02/2018,1.83,5700
15/02/2018,1.71,15025
16/02/2018,1.71,15000
19/02/2018,1.71,2700
20/02/2018,1.71,8407
21/02/2018,1.71,6125
22/02/2018,1.7,11803
23/02/2018,1.69,45976
26/02/2018,1.52,314878
27/02/2018,1.52,5000
28/02/2018,1.52,2800
01/03/2018,1.52,3000
02/03/2018,1.51,3000
05/03/2018,1.52,11000
06/03/2018,1.5,3500
07/03/2018,1.5,4000
08/03/2018,1.5,3300
09/03/2018,1.5,13000
12/03/2018,1.5,3915
13/03/2018,1.5,6200
14/03/2018,1.5,4500
15/03/2018,1.48,17786
16/03/2018,1.48,3500
19/03/2018,1.4,5000
20/03/2018,1.4,3000
21/03/2018,1.4,4424
22/03/2018,1.4,13705
23/03/2018,1.45,3077
26/03/2018,1.48,25947
27/03/2018,1.48,3528
28/03/2018,1.48,3000
02/04/2018,1.48,12000
03/04/2018,1.47,5020
04/04/2018,1.41,18224
05/04/2018,1.46,3500
06/04/2018,1.5,11747
09/04/2018,1.45,7100
10/04/2018,1.45,3277
11/04/2018,1.4,50393
12/04/2018,1.43,19233
16/04/2018,1.43,3300
17/04/2018,1.43,5732
18/04/2018,1.44,3000
19/04/2018,1.4,20596
20/04/2018,1.4,4000
23/04/2018,1.44,3500
24/04/2018,1.44,5485
25/04/2018,1.44,23065
26/04/2018,1.48,7553
27/04/2018,1.48,3000
30/04/2018,1.48,5000
02/05/2018,1.48,3500
03/05/2018,1.48,3500
04/05/2018,1.48,3500
07/05/2018,1.48,3000
08/05/2018,1.44,15200
09/05/2018,1.44,5565
10/05/2018,1.4,16724
11/05/2018,1.4,3000
14/05/2018,1.4,3000
15/05/2018,1.4,3918
16/05/2018,1.4,9310
17/05/2018,1.4,4700
18/05/2018,1.4,6347
21/05/2018,1.4,6396
22/05/2018,1.4,3200
23/05/2018,1.4,3200
24/05/2018,1.39,3000
25/05/2018,1.39,4700
28/05/2018,1.39,3632
29/05/2018,1.36,3150
30/05/2018,1.3,14500
31/05/2018,1.33,3200
01/06/2018,1.33,5000
04/06/2018,1.33,3300
05/06/2018,1.33,4864
06/06/2018,1.35,3200
07/06/2018,1.34,3200
08/06/2018,1.34,3200
11/06/2018,1.34,3236
12/06/2018,1.3,3300
13/06/2018,1.3,3300
14/06/2018,1.22,12904
15/06/2018,1.25,3500
18/06/2018,1.3,5923
19/06/2018,1.29,3300
20/06/2018,1.29,3300
21/06/2018,1.29,3300
22/06/2018,1.29,3300
25/06/2018,1.27,16784
26/06/2018,1.27,4241
27/06/2018,1.27,17300
28/06/2018,1.29,3702
02/07/2018,1.29,3307
03/07/2018,1.29,3500
04/07/2018,1.28,3300
05/07/2018,1.25,14500
06/07/2018,1.25,3500
09/07/2018,1.25,3500
10/07/2018,1.22,3500
11/07/2018,1.2,7536
12/07/2018,1.2,4880
13/07/2018,1.2,3500
16/07/2018,1.2,3500
17/07/2018,1.2,3600
18/07/2018,1.15,12659
19/07/2018,1.15,9156
20/07/2018,1.12,4700
23/07/2018,1.12,13000
24/07/2018,1.12,5898
25/07/2018,1.1,15502
26/07/2018,1.1,4000
27/07/2018,1.11,6717
30/07/2018,1.11,3750
31/07/2018,1.11,20087
01/08/2018,1.11,9159
02/08/2018,1.14,7777
03/08/2018,1.15,3700
06/08/2018,1.15,3800
07/08/2018,1.1,10700
08/08/2018,1.1,16675
09/08/2018,1.13,6794
10/08/2018,1.13,4000
13/08/2018,1.13,4018
14/08/2018,1.13,3800
15/08/2018,1.1,4700
16/08/2018,1.06,24655
17/08/2018,1.1,5000
20/08/2018,1.06,24668
21/08/2018,1.06,8797
22/08/2018,1.06,4117
23/08/2018,1.06,5500
24/08/2018,1.08,3900
27/08/2018,1.08,3917
28/08/2018,1.07,4011
29/08/2018,1.06,6366
31/08/2018,1.05,5250
03/09/2018,1.06,4100
04/09/2018,1.04,35241
05/09/2018,1.04,6835
07/09/2018,1.04,4200
10/09/2018,1.04,4300
11/09/2018,1.01,19778
12/09/2018,1.01,23589
13/09/2018,1.01,4300
14/09/2018,1.01,4500
17/09/2018,1.01,4250
18/09/2018,0.92,47182
19/09/2018,0.92,7420
20/09/2018,0.92,14000
21/09/2018,0.92,5000
24/09/2018,0.92,5500
25/09/2018,0.92,5000
26/09/2018,0.92,9582
27/09/2018,0.92,17979
28/09/2018,0.91,17920
01/10/2018,0.91,5000
02/10/2018,0.83,59005
03/10/2018,0.78,100810
04/10/2018,0.83,151293
05/10/2018,0.85,5000
09/10/2018,0.82,28000
11/10/2018,0.8,11300
12/10/2018,0.8,20963
15/10/2018,0.8,22915
16/10/2018,0.8,17000
17/10/2018,0.79,12778
18/10/2018,0.8,7000
19/10/2018,0.8,11000
22/10/2018,0.79,7500
23/10/2018,0.79,5500
24/10/2018,0.78,5700
25/10/2018,0.79,16916
26/10/2018,0.78,9000
29/10/2018,0.8,5650
30/10/2018,0.8,7750
31/10/2018,0.8,5500
02/11/2018,0.78,6000
05/11/2018,0.78,5500
06/11/2018,0.78,5500
07/11/2018,0.78,5600
08/11/2018,0.78,13017
09/11/2018,0.74,13955
12/11/2018,0.74,28513
13/11/2018,0.74,5750
14/11/2018,0.7,11700
15/11/2018,0.7,6659
16/11/2018,0.7,12358
19/11/2018,0.69,6100
20/11/2018,0.65,50515
21/11/2018,0.65,37000
22/11/2018,0.64,19833
23/11/2018,0.6,23693
26/11/2018,0.69,276666
27/11/2018,0.7,10000
28/11/2018,0.65,35057
29/11/2018,0.65,51950
30/11/2018,0.65,10717
03/12/2018,0.67,22000
04/12/2018,0.67,12387
05/12/2018,0.65,21517
06/12/2018,0.65,15483
07/12/2018,0.65,15415
10/12/2018,0.65,15000
11/12/2018,0.65,16713
12/12/2018,0.64,13756
13/12/2018,0.65,19717
14/12/2018,0.67,22000
17/12/2018,0.67,15137
18/12/2018,0.62,21725
19/12/2018,0.65,21300
20/12/2018,0.65,22800
21/12/2018,0.61,17513
24/12/2018,0.63,10912
26/12/2018,0.61,24000
27/12/2018,0.6,15258
28/12/2018,0.6,215000
31/12/2018,0.6,30000
02/01/2019,0.6,37770
03/01/2019,0.6,37000
04/01/2019,0.6,13000
07/01/2019,0.58,31403
08/01/2019,0.59,25253
09/01/2019,0.6,27504
10/01/2019,0.6,14550
11/01/2019,0.6,7533
14/01/2019,0.6,212472
15/01/2019,0.6,7644
16/01/2019,0.6,42000
17/01/2019,0.6,11313
18/01/2019,0.62,7500
21/01/2019,0.61,11727
22/01/2019,0.61,17000
23/01/2019,0.6,12857
24/01/2019,0.6,31753
25/01/2019,0.6,34317
28/01/2019,0.59,10000
29/01/2019,0.61,17677
30/01/2019,0.61,13403
31/01/2019,0.61,14609
01/02/2019,0.61,13615
04/02/2019,0.6,121591
05/02/2019,0.61,58102
06/02/2019,0.63,13686
07/02/2019,0.62,44729
08/02/2019,0.62,10671
11/02/2019,0.62,32796
12/02/2019,0.62,26300
13/02/2019,0.62,192270
14/02/2019,0.62,64628
15/02/2019,0.62,12910
18/02/2019,0.62,12053
19/02/2019,0.62,9000
20/02/2019,0.62,32381
21/02/2019,0.6,41513
22/02/2019,0.62,47754
25/02/2019,0.62,14202
26/02/2019,0.63,22500
27/02/2019,0.63,8000
28/02/2019,0.64,7000
01/03/2019,0.64,13020
04/03/2019,0.65,11700
05/03/2019,0.65,7087
06/03/2019,0.65,17197
07/03/2019,0.67,10000
08/03/2019,0.67,7000
11/03/2019,0.67,7000
12/03/2019,0.67,12000
13/03/2019,0.67,7011
14/03/2019,0.67,8387
15/03/2019,0.69,9463
18/03/2019,0.69,16467
19/03/2019,0.69,7123
20/03/2019,0.7,7000
21/03/2019,0.7,29947
22/03/2019,0.7,22100
25/03/2019,0.7,7094
26/03/2019,0.74,19900
27/03/2019,0.74,26150
28/03/2019,0.74,6461
29/03/2019,0.74,6000
01/04/2019,0.74,10571
02/04/2019,0.73,13577
03/04/2019,0.73,12522
04/04/2019,0.73,6883
05/04/2019,0.73,52600
08/04/2019,0.73,31000
09/04/2019,0.72,40928
10/04/2019,0.72,16317
11/04/2019,0.72,53300
12/04/2019,0.72,7000
15/04/2019,0.72,20950
16/04/2019,0.72,7000
17/04/2019,0.72,7000
22/04/2019,0.72,36250
23/04/2019,0.72,33315
24/04/2019,0.71,43686
25/04/2019,0.7,21271
26/04/2019,0.72,20300
29/04/2019,0.7,41227
30/04/2019,0.7,20000
